description,title,url,price,retailer_sku_code,instock,current_price,promo_data
"Produce of Japan <br/> 
Dole Apple Flavour Konjac Jelly <br/> 
日本Dole果冻 （苹果口味）<br/> 
<small><span style= ""color: gray""> Net weight: 132g (22g x 6 sachets) </span></small><br/> <br/> 

<small><b
style=""color:orange"">Dole Konjac Jelly </b> is a fruity and tasty jelly made from well-selected konjac flour. It is rich in dietary fibre, which provides a host of health benefits to the digestive system.  <small>",Dole Konjac Apple Flavour Jelly 6x22G,https://a4ucontent.blob.core.windows.net/images/0052022_0.png,1.99,127054,,1.99,
"3M Command<br/> 
Medium Wire Hook (Holds Up to 1.3kg)  2S",3M Command Med Wire Hook 2S 17068,https://a4ucontent.blob.core.windows.net/images/0044227_0.png,5.2,108506,,5.2,
"EESIN <br/>
Blue Gel Pen <br/>
<span style= ""color: gray""> 4S </span>",Eesin R1 Gel Pen 4S 4R1,https://a4ucontent.blob.core.windows.net/images/0044618_0.png,3.2,10863,,3.2,
"K-Y Jelly Lubricant <br/>
<span style=""color: grey;"">100G</span>",K-Y Jelly Lubricant 100G,https://a4ucontent.blob.core.windows.net/images/0051690_0.png,5.6,121371,,5.6,
Gas Lighter CS-2128 JP031 <br/>,Gas Lighter CS-2128 JP031,https://a4ucontent.blob.core.windows.net/images/0052744_0.png,3.9,112423,,3.9,
"Prevail <br/>
Extra Absorb(s) Adult <br/>
<span style=""color:gray""> 20-30"" (51-86cm) </span>","Prevail Ex ABSORB(S)ADULT20-30""(51-86CM)",https://a4ucontent.blob.core.windows.net/images/0042502_0.png,21.8,120918,,21.8,
"Pureen  <br/>
Feeding Bottle <br/>
Bottle colour depend on availability <br/> 
<span style= ""color: gray""> 8OZ </span>",Pureen Feeding Bottle 8OZ BFBF04,https://a4ucontent.blob.core.windows.net/images/0043501_0.png,3.05,86602,,3.05,
"Emmi <br/>
Blueberry Yoghurt <br/>
<span style= ""color: gray""> 100G </span>",Emmi Yoghurt Blueberry 100G,https://a4ucontent.blob.core.windows.net/images/0048254_0.png,1.1,84816,,1.1,3 for $2.50
"Khong Guan <br/>
Curry Chicken Tapioca Slice <br/>
<span style= ""color: gray"">2KG</span>",E-Curry Ckn Tapioca Slice 2KG (W/Tin),https://a4ucontent.blob.core.windows.net/images/0014195_0.png,22.85,118349,,22.85,
"Vegetable Cracker<br/>
<span style=""color: grey;"">400G</span>",Vegetable Cracker 400G,https://a4ucontent.blob.core.windows.net/images/0052643_0.png,1.45,15941,,1.45,
"Cap Orang Tua <br/>
Tou Cheong <br/>
<span style =""color:grey""> 400g </span>",Cap Orang Tua Tou Cheong 400G,https://a4ucontent.blob.core.windows.net/images/0003607_0.png,2.55,40859,,2.55,
"Young Sun<br/>
Frozen Soy Bean<br/><span style=""font-family: SimSun, SimHei, Serif;"">冷冻茶豆</span>",Young Sun Frozen Chamame 400G,https://a4ucontent.blob.core.windows.net/images/0050881_0.png,2.8,119753,,2.8,
"Fruit King <br/>
Longan In Syrup <br/>
<span style= ""color: gray""> 565 G </span>",Fruit King Longan IN Syrup 565G,https://a4ucontent.blob.core.windows.net/images/0047158_0.png,1.8,1923,,1.8,
"Sapporito <br/>
Spaghetti <br/>
<span style=""color:grey;"">500 g</span>",Saporito Spaghetti 500G,https://a4ucontent.blob.core.windows.net/images/0048719_0.png,1.9,79340,,1.9,2 for $3.40
"Bhd Buja<br/>
Makkoli Grape Korea Wine (ALC 9%)<br/>
<span style=""color: grey;"">375ML</span>",Bhd Buja Makkoli Grape 9% 375ML,https://a4ucontent.blob.core.windows.net/images/0051404_0.png,12.0,119933,,12.0,
"Fresh Roasted Duck (Whole) <br/> 
新鲜烤鸭(只) <br/> 
<small><span style= ""color: gray""> 2.2-2.4KG </span></small>",Roast Duck (Whole)(2.2-2.4KG),https://a4ucontent.blob.core.windows.net/images/0052223_0.png,20.8,127402,,20.8,
"Nature Valley <br/>
Apple Crisps Granola Bar <br/>
<span style= ""color: gray"">252G</span>",N/Valley Granola Bar Apple Crips 252G,https://a4ucontent.blob.core.windows.net/images/0045128_0.png,5.85,58236,,5.85,2 for $7.80
"Huiji Honey <br/>
<span style =""color:grey""> 1KG </span>",Huiji Honey 1KG,https://a4ucontent.blob.core.windows.net/images/0052023_0.png,9.95,1535,,9.95,2 for $16.95
"Sweet Home Farm <br/>
Honey Nut Almond Granola <br/>
<span style= ""color: gray"">682G</span>",SHF Granola H/Nut With Alm 682G,https://a4ucontent.blob.core.windows.net/images/0051989_0.png,7.8,57297,,7.8,
"Nestlé Milo<br/>
2-In-1 Calcium Enriched<br/>
<span style= ""color: gray"">12 x 30 g</span>",Nestle Milo 2N1 Cal Enriched 12SX30G,https://a4ucontent.blob.core.windows.net/images/0045131_0.png,7.3,120192,,7.3,
"Mission<br/>
Wraps Original<br/>
<span style= ""color: gray"">8S(360G)</span>",Mission Wraps Original 8S(360G),https://a4ucontent.blob.core.windows.net/images/0019991_0.png,5.4,59196,,5.4,
"Emborg<br/>
Whipping Cream<br/>
<span style= ""color: gray"">200ml</span>",Emborg Whipping Cream 200ML,https://a4ucontent.blob.core.windows.net/images/0003446_0.png,3.4,2099,,3.4,2 for $5.90
"Milkmaid<br/>
Full Cream<br/>
Sweetened Condensed Milk<br/>
<span style=""color:grey;"">392 g</span>",Milkmaid FC SCM 392G,https://a4ucontent.blob.core.windows.net/images/0004762_0.png,1.7,114367,,1.7,2 for $3.25
"Cowhead<br/>
Grated Natural Cheddar Cheese<br/>
<span style= ""color: gray"">250g</span>",Cowhead Grated Nat.Cheddar Cheese 250G,https://a4ucontent.blob.core.windows.net/images/0003525_0.png,4.95,86020,,4.95,
"Nutella <br/> 
<small><span style= ""color: gray""> 825G </span></small>",Nutella 825G,https://a4ucontent.blob.core.windows.net/images/0052415_0.png,9.9,126588,,9.9,
"IXL <br/>
Marmalade Breakfast Jam <br/>
<span style =""color:grey""> 500g </span>",IXL Marmalade Breakfast 500G(S),https://a4ucontent.blob.core.windows.net/images/0052660_0.png,4.95,56952,,4.95,
"Cowhead<br/>
Butter<br/>
<span style= ""color: gray"">250g</span>",Cowhead Butter 250G,https://a4ucontent.blob.core.windows.net/images/0003411_0.png,3.25,2066,,3.25,
"Fresh Eggs<br/>
<span style=""color: grey;"">10s</span>",Fresh Eggs 10S,https://a4ucontent.blob.core.windows.net/images/0042774_0.png,1.6,117519,,1.6,
"Meiji Paigen<br/>
Culture Milk (0% Fat)<br/>
<span style=""color: grey;"">160ML</span>",Meiji Paigen Culture Milk 160ML,https://a4ucontent.blob.core.windows.net/images/0051633_0.png,1.2,85862,,1.2,4 for $2.95
"Ma La Gao (马拉糕)<br/>
Steam Cake<br/>
<span style=""color: grey;"">285 g</span>",Steam Cake (Malagao) 258G,https://a4ucontent.blob.core.windows.net/images/0049753_0.png,1.9,14031,,1.9,
Top Baker Bun Chocolate 6S(270G),Top Baker Bun Choc 6S(270G),https://a4ucontent.blob.core.windows.net/images/0046968_0.png,1.1,58797,,1.1,
"<b><font size=""4"">HIGH 5</font></b>
<br><b>California Raisin Bread</b>
<br>
<br><b><span style=""color: grey;"">Net Weight: 400 g</span></b>",High 5 California Raisin Bread 400G,https://a4ucontent.blob.core.windows.net/images/0047411_0.png,2.7,124323,,2.7,
"Dacai <br/>
Braised Trotters<span style=""font-family: SimSun, SimHei, Serif;"">(卤猪脚)</span>
 <br/>
<span style =""color:grey""> 280g </span>",Dacai Braised Trotters 280G,https://a4ucontent.blob.core.windows.net/images/0051458_0.png,4.0,117019,,4.0,
"Product of Brazil <br/> 
Frozen Minced Meat <br/> 
巴西冰冻肉碎 <br/> 
<small><span style= ""color: gray""> 500G </span></small><br/><br/> 

Expiry: 1 year from packing date",Frozen Minced Meat 500G,https://a4ucontent.blob.core.windows.net/images/0052966_0.png,3.9,122065,,3.9,
"Fresh Bulan (Indonesia) Boneless Pork Chop <br/>
<span style=""font-family: SimSun, SimHei, Serif;"">印尼布兰去骨猪扒</span><br/>
<span style= ""color: grey""> 200 G - 250 G </span>",Ind Boneless Pork Chop (200-250G),https://a4ucontent.blob.core.windows.net/images/0051833_0.png,3.7,123110,,3.7,
"Jean Fresh <br/>
Frozen Scallop 80/100 <br/>
<small><span style= ""color: gray""> 550G </span></small>",JF Frozen Scallop 80/100 550G,https://a4ucontent.blob.core.windows.net/images/0048059_0.png,12.5,37660,,12.5,
"Live Mud Crab (Medium Size)<br/>
活泥蟹 （中型）
<span style=""color: grey;"">200G</span>",Live Mud Crab 200G,https://a4ucontent.blob.core.windows.net/images/0050811_0.png,5.25,115552,,5.25,
"Danpo<br/>
Frozen Chicken Thigh<br/>
<span style=""color:grey;"">2 kg</span>",Danpo IQF FRZ Ckn Thigh 2KG,https://a4ucontent.blob.core.windows.net/images/0052037_0.png,7.95,126881,,7.95,
"Chicken Gizzard <br/>
<span style =""color:grey""> 250g </span><br/><br/>

<small><span style= ""color: green"">This product is certified HALAL. </span></small>",Chicken Gizzard 250G,https://a4ucontent.blob.core.windows.net/images/0051454_0.png,1.75,32430,,1.75,
"Chicken Minced<br/>
Packet<br/>
<span style=""color:grey;"">180 g</span>
<br/>
<br/>
<small><i>Note: Packing Date: day before delivery date</i></small><br/><br/><br/>

<small><span style= ""color: green"">This product is certified HALAL. </span></small>",Chicken Minced (PKT)180G,https://a4ucontent.blob.core.windows.net/images/0043273_0.png,2.0,32515,,2.0,
"Singourmet <br/>
Lamb Shoulder Chop <br/>
<small><span style= ""color: gray""> 500g </span></small><br/><br/>

<small><span style= ""color: green"">This product is certified HALAL. </span></small>",Singourmet Lamb Shoulder Chop 500G,https://a4ucontent.blob.core.windows.net/images/0052571_0.png,7.85,31595,,7.85,
"Jean Fresh<br/>
Chilled Minced Beef<br/>
牛肉馅<br/>
<span style=""color:grey;"">220 g</span><br/><br/>

<small><span style= ""color: green"">This product is certified HALAL. </span></small>",JF Chill Minced Beef 220G,https://a4ucontent.blob.core.windows.net/images/0043277_0.png,3.6,86059,,3.6,
"Juz-Plus<br/>
New Zealand Kiwi Fruit Drink <br/>
<span style=""color:gray"">300ML</span>",Juz-Plus N/Zealand Kiwi 300ML,https://a4ucontent.blob.core.windows.net/images/0051653_0.png,0.75,122124,,0.75,24 for $16.00
"Ice Cool<br/>
Booster Energy Drink<br/>
<span style=""color: grey;"">250ML</span>",I/Cool Booster Energy DRINK(G/C)250ML,https://a4ucontent.blob.core.windows.net/images/0051437_0.png,0.65,124854,,0.65,3 for $1.65
"Ribena<br/>
Glucose Cordial<br/>
<span style=""color: grey;"">2L</span>",Ribena Glucose Cordial 2L,https://a4ucontent.blob.core.windows.net/images/0050893_0.png,11.8,123693,,11.8,
"TS  Luohan Guo <br/>
American Ginseng & Chrysanthemum Tea <br/>
<span style =""color:grey;""> 500ML </span>",TS Luohan A/Ginseng&C'themum 500ML,https://a4ucontent.blob.core.windows.net/images/0048263_0.png,2.0,85572,,2.0,
"7-UP <br/>
<span style= ""color: gray""> 330 ml </span></style>",7UP 330ML,https://a4ucontent.blob.core.windows.net/images/0046302_0.png,0.6,49797,,0.6,4 for $1.95
"DEWAR'S<br/>
White Label (ALC40%)<br/>
<span style=""color: grey;"">200ML</span>",DEWAR'S White Label ALC40% 200ML,https://a4ucontent.blob.core.windows.net/images/0051768_0.png,15.5,75831,,15.5,
"Yeo's <br/>
Soya Bean Milk <br/>
<span style= ""color: gray""> 1L </span>",YEO'S Soya Milk 1L,https://a4ucontent.blob.core.windows.net/images/0051367_0.png,0.9,50067,,0.9,12 for $10.80
"Mandarin Duck<br/>
Moscato White Wine (ALC 8%)<br/>
Product Of Australia<br/>
<span style=""color: grey;"">750ML</span>",Mandarin Duck Moscato Ww ALC7.5% 750ML,https://a4ucontent.blob.core.windows.net/images/0051409_0.png,18.5,115855,,18.5,2 for $35.50
"Allswell<br/>
Golden Pear With Aloe Vera<br/>
<span style=""color: grey;"">1L</span>",Allswell Golden Pear W Aloe Vera 1000ML,https://a4ucontent.blob.core.windows.net/images/0051388_0.png,2.1,124322,,2.1,
"Yeo's <br/>
Coconut Juice <br/>
<span style= ""color: gray"">300 ml</span></style>",YEO'S Coconut Juice 300ML,https://a4ucontent.blob.core.windows.net/images/0046417_0.png,0.8,53022,,0.8,24 for $16.20
"Le Montalus<br/>
Côtes de Thau IGP<br/>
Merlot (60%) & Syrah (40%)<br/>
Produce of France<br/>
<span style=""color: grey;"">750 ml</span>
<br/><br/>
<small><i>Alcohol is not for sale to people under the age of 18</i></small>",Le Montalus OC Rouge 75CL,https://a4ucontent.blob.core.windows.net/images/0050948_0.png,18.5,125885,,18.5,
"Nestle Milo<br/>
Ready-to-Drink Packet<br/>
<span style=""color:grey;"">(6 + 2) x 200 ml</span>",Nestle Milo RTD 6+2X200ML,https://a4ucontent.blob.core.windows.net/images/0052972_0.png,4.25,127594,,4.25,
,Nestle Milo Activgo Ref 900G+225G,https://a4ucontent.blob.core.windows.net/images/0052947_0.png,8.45,128215,,8.45,
"Kronenbourg<br/>
1664 Beer ( ALC 5%)<br/>
<span style= ""color: gray""> 330ML </span>",Kronenbourg 1664 Lager ALC5% 330ML,https://a4ucontent.blob.core.windows.net/images/0051659_0.png,4.55,77559,,4.55,6 for $25.35
"<b><font size=""4"">Aik Cheong</font></b>
<br><b>Instant Tea Tarik</b>
<br>
<br><b><span style=""color: grey;""><i>Net Wt: 40G x 15S</i></span></b>",Aik Cheong Instant Tea Tarik 15X40G,https://a4ucontent.blob.core.windows.net/images/0011702_0.png,5.95,52747,,5.95,
"<b><font size=""4"">SUPER</font></b>
<br><b>ESSENSO&#0153; MICROGROUND 2in1 COFFEE</b>
<br>
<br><b><span style=""color: grey;""><i>Net Wt: 400g, 16g x 25 sticks</i></span></b>

<br><br><ul>
  <li><b>2in1 (Coffee & Creamer)</b></li>
  <li>100% Arabica Coffee Beans</li>
  <li>Deep Aroma, Rich Tasting & Fuller Body</li>
</ul>",Essenso Microground Coffee 2in1 25X16G,https://a4ucontent.blob.core.windows.net/images/0052895_0.png,6.45,126345,,6.45,
Tiger Radler M/Orange ALC2% 323ML,Tiger Radler M/Orange ALC2% 323ML,https://a4ucontent.blob.core.windows.net/images/default-image_0.png,2.95,127495,,2.95,6 for $15.90
"4-10<br/>
Cooling Water<br/>
<span style=""color:grey;"">200 ml</span>",4-10 Cooling Water 200ML,https://a4ucontent.blob.core.windows.net/images/0051331_0.png,0.5,52604,,0.5,
"Happy Family <br/>
Rice Vermicelli <br/>
<span style=""color: grey"">400 g</span>",H/Family Rice Vermicelli 400G,https://a4ucontent.blob.core.windows.net/images/0048394_0.png,1.1,1887,,1.1,
"Wahaha <br/>
Mixed Congee Guiyuan Lian Zi<br/>
<span style= ""color: gray""> 360 G </span>",Wahaha Mixed Congee Guiyuan Lian Zi 360G,https://a4ucontent.blob.core.windows.net/images/0047191_0.png,1.8,80947,,1.8,
"Cooksi <br/>
Non Spicy Seafood Rice Noodle <br/>
<span style =""color:grey;""> 92G </span>",Cooksi Non Spicy Seafood Rice Noodle 92G,https://a4ucontent.blob.core.windows.net/images/0048203_0.png,1.5,119941,,1.5,
"Happy Family<br/>
Easi-Cook Instant Noodles<br/>
<span style= ""color: gray"">700G</span>",H/Family Easi-Cook Instant Noodles 700G,https://a4ucontent.blob.core.windows.net/images/0049401_0.png,2.1,114438,,2.1,
"Dried Purple Sweet Potato Noodles<br/>
<span style =""color:grey""> 350G</span>",D/Purple Sweet Potato Noodles 350G,https://a4ucontent.blob.core.windows.net/images/0052808_0.png,1.55,118465,,1.55,
"Jingqian Pai G/Orange Oil <br/>
<span style =""color:grey""> 400ml </span>",Jingqian Pai G/Orange Oil 400ML,https://a4ucontent.blob.core.windows.net/images/default-image_0.png,1.7,3936,,1.7,
"LAU BOON HENG <br/>
Hor Fun 
<span style=""font-family: SimSun, SimHei, Serif;"">(河粉)</span>
<br/>
<span style =""color:grey""> 1/2 KG </span>",Hor Fun 1/2KG,https://a4ucontent.blob.core.windows.net/images/0052613_0.png,0.95,85002,,0.95,
"Oki <br/>
Premium Soyabean Oil <br/>
<span style= ""color: gray"">3L</span>",Oki Premium Soyabean Oil 2L,https://a4ucontent.blob.core.windows.net/images/0007375_0.png,5.95,7756,,5.95,
"Sailing Boat <br/>
Vegetable Oil <br/>
<span style =""color:grey""> 500ML</span>",Sailing Boat Oil 500ML,https://a4ucontent.blob.core.windows.net/images/0051765_0.png,1.8,125426,,1.8,
"Natural<br/>
Organic Olive Oil<br/>
<span style =""color:grey"">500 ml</span>",Natural Organic Olive Oil 500ML,https://a4ucontent.blob.core.windows.net/images/0007142_0.png,11.9,4925,,11.9,
"<b><font size=""4"">VECORN</font></b>
<br><b>Pure Corn Oil</b>
<br>
<br><b><span style=""color: grey;"">5 Litres</span></b>",Vecorn Pure Corn Oil 5L,https://a4ucontent.blob.core.windows.net/images/0007328_0.png,16.9,7135,,16.9,
"Kangaroo Low Gi Rice<br/>
<span style=""color: grey;"">2KG</span>",Kangaroo Low Gi Rice 2KG,https://a4ucontent.blob.core.windows.net/images/0052559_0.png,10.9,126545,,10.9,
"Happy Family <br/>
Premium Short Grain Rice <br/>
<span style= ""color: gray""> 5KG </span>",H/Family Premium Short Grain Rice 5KG,https://a4ucontent.blob.core.windows.net/images/0049406_0.png,10.8,116877,,10.8,
"R1 Happy Family<br/>
Black Glutinous Rice<br/>
<span style= ""color: gray""> 400G </span>",R1 Black Glutinous Rice 400G(N),https://a4ucontent.blob.core.windows.net/images/0010559_0.png,2.65,7080,,2.65,
"Anarkali <br/>
Fragrant Basmati Rice <br/>
<span style =""color:grey""> 1KG </span>",Anarkali F/Basmati Rice 1KG,https://a4ucontent.blob.core.windows.net/images/0051751_0.png,4.3,4260,,4.3,
"<b><font size=""4"">SongHe</font></b>
<br><b>Noble Red Rice</b>
<br>
<br><b><span style=""color:grey;"">5 kg</span></b>",Songhe Noble Red Rice 5KG,https://a4ucontent.blob.core.windows.net/images/0010110_0.png,15.4,607,,15.4,
,Royal G/Grain Fragrant Rice 10KG+1KG,https://a4ucontent.blob.core.windows.net/images/0052696_0.png,24.8,127166,,24.8,
"Wei-Chuan <br/>
Fried Gluten <br/>
<span style= ""color: gray""> 170G </span>
<br/>
<br/>
<span title=""Vegetarian 素"" style=""background-color: #04B404; color: white; font-family: Comic Sans MS; padding: 6px; border-radius: 25px;""><strong>Veg</strong></span>",Wei-Chuan Fried Gluten 170G,https://a4ucontent.blob.core.windows.net/images/0007622_0.png,1.55,79505,,1.55,
"Happy Family<br/>
Whole Mushrooms<br/>
<span style=""color: grey"">425 G</span>",H/Family Mushrooms 425G New,https://a4ucontent.blob.core.windows.net/images/0047172_0.png,1.1,80758,,1.1,
"Happy Family <br/>
Fishmaw Seafood Soup <br/> 
<small><span style= ""color: gray""> 425G </span></small>",H/Family Fishmaw Seafood Soup 400G,https://a4ucontent.blob.core.windows.net/images/0052467_0.png,8.9,127498,,8.9,
"Happy Family<br/>
Australia Wild Abalone<br/>
DW 213 g<br/>
<span style=""color:grey;"">425 g<br/>",H/Family Aust Wild Abalone 425G(DW 213G),https://a4ucontent.blob.core.windows.net/images/0052516_0.png,46.8,125753,,46.8,
"Happy Family<br/>
Sardine in Tomato Sauce<br/>
<span style=""color: grey;"">425 g</span>",H/Family Sardine IN Tomato Sauce 425G,https://a4ucontent.blob.core.windows.net/images/0047515_0.png,2.2,1926,,2.2,
"Mei Way <br/>
Spice Pork Cube <br/>
<span style= ""color: gray"">142 G</span>",Mei Way Spiced Pork Cube 142G,https://a4ucontent.blob.core.windows.net/images/0047227_0.png,2.2,122288,,2.2,
"Happy Family <br/>
Baked Beans in Tomato Sauce<br/>
<span style=""color:grey;""> 425 g</span>",H/Family Baked Bean Tmt Sauce 425G,https://a4ucontent.blob.core.windows.net/images/0047518_0.png,1.0,1927,,1.0,
"Vegetarian Abalone <br/>
<span style= ""color: gray""> 170G </span>",Veg Abalone 170G,https://a4ucontent.blob.core.windows.net/images/0050864_0.png,6.0,29915,,6.0,
"New Moon <br/>
Muar Otah Mackerel Fillet <br/>
<span style= ""color: gray""> 180G </span>",Newmoon Muar Otah Mackerel Fillet 180G,https://a4ucontent.blob.core.windows.net/images/0041745_0.png,4.5,31140,,4.5,
"Sushine <br/>
Cheese Pizza <br/>
<span style= ""color: gray""> 240G </span>",Sunshine Cheese Pizza 240G,https://a4ucontent.blob.core.windows.net/images/0042052_0.png,7.6,29840,,7.6,2 for $11.95
"Ballgus <br/>
Chicken Curry Meat Ball <br/>
<span style =""color:grey""> 200G </span>",Ballgus Chicken Curry Meat Ball 200G,https://a4ucontent.blob.core.windows.net/images/0052408_0.png,3.2,120670,,3.2,2 for $5.95
"JJW <br/>
Round Puff Tofu <br/>
<span style =""color:grey;""> 75G </span>",JJW Round Puff Tofu 75G,https://a4ucontent.blob.core.windows.net/images/0048809_0.png,0.9,84453,,0.9,
"Fortune <br/>
Mini Yutiao <br/>
<span style =""color:grey""> 160G </span>",Fortune Mini Yutiao 160G,https://a4ucontent.blob.core.windows.net/images/0052635_0.png,1.95,84779,,1.95,
"Farm Pride <br/>
Chicken Burger Patties <br/>
<span style= ""color: gray""> 375G </span>",Farmpride Chicken Burger 375G,https://a4ucontent.blob.core.windows.net/images/0009565_0.png,4.45,31484,,4.45,
,T/Bites Breaded Imitation Scallop 200G,https://a4ucontent.blob.core.windows.net/images/0052452_0.png,1.99,126837,,1.99,
"Croco Farm <br/>
Crocodile Flank Meat <br/>
<span style =""color:grey""> 250G </span>",Croco Farm Crocodile Flank Meat 250G,https://a4ucontent.blob.core.windows.net/images/0052366_0.png,9.9,31419,,9.9,
"Tasty Bites <br/>
Shoestring Fries <br/>
<span style= ""color: gray""> 500G </span>",T/Bites French Fries Shoestring 500G,https://a4ucontent.blob.core.windows.net/images/0041773_0.png,1.95,119350,,1.95,
"Tasty Bites<br/>
Roti Prata<br/>
Plain<br/>
<span style=""color:grey;"">325 g</span>",T/Bites Roti Prata Plain 325G,https://a4ucontent.blob.core.windows.net/images/0008902_0.png,1.85,1002,,1.85,
"Kelly's <br/>
German Bierschinken- Cold Cut Ham <br/>
<span style = ""color: gray""> 150G </span>",KELLY'S German Bierschinken 150G,https://a4ucontent.blob.core.windows.net/images/0043397_0.png,2.55,86205,,2.55,
"Dodo <br/>
Fried Fish Roll <br/>
<span style= ""color: gray""> 180G </span>",Dodo Fried Fish Roll 180G,https://a4ucontent.blob.core.windows.net/images/0018141_0.png,1.5,84461,,1.5,
"Adriano Food <br/>
Spring Roll <br/>
<span style= ""color: gray""> 500G </span>",Adriano Spring Roll 500G,https://a4ucontent.blob.core.windows.net/images/0010603_0.png,5.6,30692,,5.6,
"Yang Yang <br/>
Dumpling Pork Cabbage <br/>
<span style= ""color: gray""> 20X15G </span>",Yang Yang Dumpling Pork Cabbage 20X15G,https://a4ucontent.blob.core.windows.net/images/0008907_0.png,4.2,31264,,4.2,2 for $7.20
"Ballgus <br/>
Chicken Sausage <br/>
<span style= ""color: gray""> 200G </span>",Ballgus Chicken Sausage 200G,https://a4ucontent.blob.core.windows.net/images/0048734_0.png,2.9,31396,,2.9,2 for $5.45
"Cap Kapal <br/>
Shrimp Paste Belacan <br/>
<span style =""color:grey""> 350g </span>",Cap Kapal Shr/Pas Belacan 350G,https://a4ucontent.blob.core.windows.net/images/0007209_0.png,1.4,6137,,1.4,
"Santan<br/>
Coconut Cream Powder<br/>
<span style=""color: grey;"">50G</span>",Santan Coconut Cream Powder 50G,https://a4ucontent.blob.core.windows.net/images/0002828_0.png,0.7,3248,,0.7,
"Happy Family <br/>
Black Pepper Powder <br/>
<span style= ""color: gray""> 5G(N) </span>",Black Pepper Powder 5G(N),https://a4ucontent.blob.core.windows.net/images/0051938_0.png,0.55,6978,,0.55,
"Hai's <br/>
Chilli Crab Sauce <br/>
<span style =""color:grey;""> 200G </span>",HAI'S Chilli Crab Sauce 200G,https://a4ucontent.blob.core.windows.net/images/0042765_0.png,2.75,85276,,2.75,
"Sin Guo <br/>
Chao Shan Fish Sauce <br/>
<span style =""color:grey""> 750g </span>",Sin Guo Chao Shan Fish Sauce 750G,https://a4ucontent.blob.core.windows.net/images/0007097_0.png,1.85,4239,,1.85,
"Ajinomoto <br/>
Tumix Anchovy Stock <br/>
<span style =""color:grey""> 120g + 20% </span>",Ajinomoto Tumix Anchovy Stock 120G+20%,https://a4ucontent.blob.core.windows.net/images/default-image_0.png,2.0,119675,,2.0,
"Dragon <br/>
Shuangzheng Jiu Alc 20% <br/>
<span style =""color:grey;""> 150ML </span>",Dragon Shuangzheng Jiu ALC20% 150ML,https://a4ucontent.blob.core.windows.net/images/0049151_0.png,1.3,75960,,1.3,
"Happy Family <br/>
Tomato Sauce <br/>
<span style= ""color: gray"">485G</span>",H/Family Tomato Sauce 485G,https://a4ucontent.blob.core.windows.net/images/0007453_0.png,1.25,8249,,1.25,
"Chee Seng <br/>
Black Sesame Oil<br/>
<span style=""color:grey;"">320 ml</span>",Chee Seng B/Sesame Oil 320ML,https://a4ucontent.blob.core.windows.net/images/0006916_0.png,4.6,527,,4.6,
"Happy Family<br/>
Fine Salt<br/>
<span style=""color: grey;"">250 g</span>",H/Family Fine Salt 250G,https://a4ucontent.blob.core.windows.net/images/0009293_0.png,0.25,8349,,0.25,
"Banchun <br/>
Oyster Sauce <br/>
<span style =""color:grey""> 430ml </span>",Bachun Oyster Sauce 430ML,https://a4ucontent.blob.core.windows.net/images/0007150_0.png,2.75,5112,,2.75,
"Happy Family <br/>
Standard Light Soy Sauce <br/>
<span style= ""color: gray"">640ML</span>",H/Family Std Light Soy Sauce 640ML,https://a4ucontent.blob.core.windows.net/images/0004903_0.png,1.75,642,,1.75,
"Wohhup Sweet & Sour Sauce<br/>
<span style=""color: grey;"">350G</span>",Wohhup Sweet&Sour Sauce 350G,https://a4ucontent.blob.core.windows.net/images/0052190_0.png,3.95,2514,,3.95,
"House Brand<br/>
Chicken Biryani Masala<br/>
<span style=""color: grey;"">300G</span>",House Brand Chicken Biryani Masala 300G,https://a4ucontent.blob.core.windows.net/images/0051643_0.png,2.6,126251,,2.6,
"Lee Kum Kee <br/>
Soup Base for Pork Bone Hot Pot <br/>
<span style= ""color: gray""> 50G </span>",LKK Soup Base Pork Bone 50G,https://a4ucontent.blob.core.windows.net/images/0051650_0.png,1.9,6081,,1.9,
"Earthen Pot <br/>
Green Curry Paste <br/>
<span style =""color:grey""> 100g </span>",E/Pot Green Curry Paste 100G,https://a4ucontent.blob.core.windows.net/images/0005013_0.png,1.5,40895,,1.5,
"Happy Family <br/> 
Almond <br/> 
<small><span style= ""color: gray""> 300G </span></small>",B18 Almond 300G(N),https://a4ucontent.blob.core.windows.net/images/0007557_0.png,7.5,40144,,7.5,
"V291 <br/>
Bean Curd Skin <br/>
<span style=""color:gray""> 45G </span>",V291 Bean Curd Skin 40G(N),https://a4ucontent.blob.core.windows.net/images/0045242_0.png,1.0,40551,,1.0,
"Happy Family <br/>
Dried Longan Meat<br/> 
<small><span style= ""color: gray""> 180G </span></small>",V277 Dried Longan Meat 180G(N),https://a4ucontent.blob.core.windows.net/images/0014885_0.png,4.6,40389,,4.6,
"Happy Family <br/> 
Dried Mushroom <br/>
<small><span style= ""color: gray""> 200G </span></small>",H/F Dr Mushroom 3-4 Cha Hua 200G(ORANGE),https://a4ucontent.blob.core.windows.net/images/0052585_0.png,7.8,40495,,7.8,
"Happy Family <br/>
Big Black Fungus <br/>
<span style =""color:grey""> 1KG </span>",V34 Big Black Fungus 1KG(N),https://a4ucontent.blob.core.windows.net/images/0052786_0.png,8.9,40266,,8.9,
,F34 Anchovies 100G(N),https://a4ucontent.blob.core.windows.net/images/0007662_0.png,2.4,40040,,2.4,
"AAA <br/>
V294 Chicken Sausage <br/>
<span style =""color:grey""> 238g </span>",AAA V294 Chicken Sausage 238G,https://a4ucontent.blob.core.windows.net/images/0052375_0.png,4.7,40593,,4.7,
"Happy Family<br/>
Ba Zheng Tang Liao<br/>
<span style=""color:grey;"">85 g</span>",H/Family Ba Zheng Tang Liao 85G,https://a4ucontent.blob.core.windows.net/images/0009990_0.png,4.8,40535,,4.8,
"Happy Family <br/>
Plain Flour <br/>
<span style= ""color: gray"">1KG</span>",H/Family Plain Flour 1KG,https://a4ucontent.blob.core.windows.net/images/0007270_0.png,1.85,643,,1.85,
"Happy Family <br/> 
Chopped Almond <br/> 
<small><span style= ""color: gray""> 100G </span></small>",C84 Almond Chop 100G(N),https://a4ucontent.blob.core.windows.net/images/0007307_0.png,3.35,7060,,3.35,
"Hup Chong<br/>
Pork Floss<br/>
<span style=""color: grey;"">190 g</span>",Hup Chong Pork Floss 190G,https://a4ucontent.blob.core.windows.net/images/0043543_0.png,7.8,75112,,7.8,
"Happy Family <br/>
Black Plum <br/>
<span style=""color:gray""> 280G </span>",T212 Black Plum 280G(N),https://a4ucontent.blob.core.windows.net/images/0017778_0.png,4.5,75300,,4.5,
"Taekyung <br/>
Olive Seaweed Tray Type <br/>
<span style= ""color: gray"">8SX4G</span>",Taekyung Olive Seaweed Tray Type 8SX4G,https://a4ucontent.blob.core.windows.net/images/0009445_0.png,3.5,74733,,3.5,
"Vicks Vapodrops <br/>
Blue Peppermint <br/>
<span style= ""color: gray"">20s</span>",Vicks Vapodrops Blue Peppermint 20S,https://a4ucontent.blob.core.windows.net/images/0016772_0.png,3.1,72313,,3.1,2 for $4.75
"Tong Garden <br/>
All Natural Cocktail Snack <br/>
<span style= ""color: gray""> 185G </span>",T/Garden All Nat.Cocktail Nut 160G,https://a4ucontent.blob.core.windows.net/images/0046008_0.png,4.9,74013,,4.9,
"F95 <br/>
Fry Chilli Anchovies Sesame <br/>
<span style=""color:gray""> 190G </span>",F95 Fry Chilli Anchovies Sesame 190G(N),https://a4ucontent.blob.core.windows.net/images/0009714_0.png,3.2,74071,,3.2,
"Corniche <br/>
Mega Marshmallows <br/>
<span style= ""color: gray"">300G</span>",Corniche Mega Marshmallows 300G,https://a4ucontent.blob.core.windows.net/images/0018100_0.png,2.8,71086,,2.8,
"Cadbury <br/>
Crunchie <br/>
<span style=""color: grey;"">50G</span>",Cadbury Crunchie 50G,https://a4ucontent.blob.core.windows.net/images/0001882_0.png,1.35,71337,,1.35,
"Beardy<br/>
Great Monster Lollipop<br/>
<span style=""color: grey;"">250G</span>",Beardy Great Monster Lollipop 250G,https://a4ucontent.blob.core.windows.net/images/0051232_0.png,4.9,125683,,4.9,
"Orion <br/>
Chocolate Pie With Marshmallow <br/>
<span style=""color:grey"">336G</span>",Orion Choco Pie Marshmallow 336G,https://a4ucontent.blob.core.windows.net/images/0051828_0.png,3.8,57196,,3.8,
"Kerk <br/>
Deluxe Cracker, Vegetable flavor <br/>
<span style=""color:grey""> 168g </span>",Kerk Deluxe CRACKER(VEGETABLE)168G,https://a4ucontent.blob.core.windows.net/images/0052858_0.png,2.0,119850,,2.0,
"Happy Family <br/>
Potato Chips- BBQ <br/>
<span style= ""color: gray"">120g</span>",H/Family P/Chips BBQ 120G,https://a4ucontent.blob.core.windows.net/images/0005069_0.png,1.35,75444,,1.35,2 for $2.50
"Bahlsen <br/>
Zoo Biscuit <br/>
<span style =""color:grey""> 100G </span>",Bahlsen Zoo Biscuit 100G,https://a4ucontent.blob.core.windows.net/images/0051866_0.png,2.25,56471,,2.25,
"Happy Family <br/>
Love Letter Chocolate <br/>
<span style= ""color: gray"">205G</span>",LA4 Love Letter Choc 205G (N),https://a4ucontent.blob.core.windows.net/images/0018449_0.png,3.05,58864,,3.05,
"Happy Family<br/>
Cream Crackers (8s)<br/>
<span style=""color:grey;"">176 g</span>",H/Family Cream Crackers 8S 176G,https://a4ucontent.blob.core.windows.net/images/0049398_0.png,1.2,124396,,1.2,
"Hup Seng <br/>
Teddy Chocolate Biscuits <br/>
<span style= ""color: gray"">120G</span>",H/Seng Teddy Chocolate Biscuit 120G,https://a4ucontent.blob.core.windows.net/images/0020028_0.png,1.2,64057,,1.2,
"Lee <br/>
Marie Biscuits <br/>
<span style= ""color: gray"">350G</span>",Lee Marie Biscuit 350G,https://a4ucontent.blob.core.windows.net/images/0017876_0.png,1.85,55972,,1.85,
"Happy Family<br/> 
Lemon Puff<br/>
<span style=""color: grey;"">100G</span>",H/Family Lemon Puff 100G,https://a4ucontent.blob.core.windows.net/images/0049399_0.png,1.1,124397,,1.1,2 for $1.80
"Nona <br/>
Blueberry Pancake <br/>
<span style= ""color: gray"">400G</span>",Nona Pancake Blueberry 400G,https://a4ucontent.blob.core.windows.net/images/0044344_0.png,2.4,6545,,2.4,
,W/Coco Aloe Vera Nat Fibre Lemon 200G,https://a4ucontent.blob.core.windows.net/images/0008477_0.png,0.8,52408,,0.8,
"Spring Home <br/>
Glutinous Rice Ball- Peanut <br/>
<small><span style= ""color: gray"">200g</span></small>
<br/>
<br/>
<span title=""Vegetarian 素"" style=""background-color: #04B404; color: white; font-family: Comic Sans MS; padding: 6px; border-radius: 25px;""><strong>Veg</strong></span>",S/Home Rice Ball Peanut 200G,https://a4ucontent.blob.core.windows.net/images/0008460_0.png,2.25,945,,2.25,
Dettol Wet Wipes SENSITIVE(V/PACK)10SX3P,Dettol Wet Wipes SENSITIVE(V/PACK)10SX3P,https://a4ucontent.blob.core.windows.net/images/default-image_0.png,4.6,125825,,4.6,
"F/Jing <br/>
Bobo Chacha Q Jelly <br/>
<span style =""color:grey""> 200g </span>",F/Jing Bobo-Chacha Q Jelly 200G,https://a4ucontent.blob.core.windows.net/images/0051721_0.png,2.1,2096,,2.1,
"Sara Lee <br/>
Plain Pound Cake <br/>
<small><span style= ""color: gray"">300g</span></small>",Saralee Plain 300G,https://a4ucontent.blob.core.windows.net/images/0001213_0.png,5.5,940,,5.5,
Desitin Max Strength Original 56G,Desitin Max Strength Original 56G,https://a4ucontent.blob.core.windows.net/images/0052975_0.png,12.0,127165,,12.0,
"Johnson and Johnson<br/>
Powder Classic<br/>
<span style =""color:grey""> 100G</span>",J&J Powder Classic 100G,https://a4ucontent.blob.core.windows.net/images/0052638_0.png,1.25,24340,,1.25,
"Johnson & Johnson<br/>
Lasting Moisture Body Wash<br/>
<span style=""color: grey;"">750ML</span>",J&J Shw Foam 24HR Lasting HYD.750ML,https://a4ucontent.blob.core.windows.net/images/0051745_0.png,8.5,18817,,8.5,
"Abd Detergent <br/>
Black and White Premium <br/>
1.2KG",Abd Detergent B/W Premium 1.2KG,https://a4ucontent.blob.core.windows.net/images/0009376_0.png,6.6,1593,,6.6,
"SCOTT'S<br/>
Vitamin C Pastilles (Mango Flavour) <br/>
<span style =""color:grey""> 2 boxes X 100G </span>",SCOTT'S Vit C Mango 2X100G,https://a4ucontent.blob.core.windows.net/images/0052280_0.png,8.5,125489,,8.5,
,Mamy Poko S/Jumbo Open XL 46S+4S,https://a4ucontent.blob.core.windows.net/images/default-image_0.png,21.9,124062,,21.9,
"Gain IQ<br/>
Kid Eye Q Plus Intelli Pro (1.6KG)",Gain Iq Kid Eye Q Plus Int Pro 1.6KG,https://a4ucontent.blob.core.windows.net/images/0051748_0.png,66.4,124359,,66.4,
"Friso Gold <br/>
Wheat Based Milk Cereal <br/>
<span style =""color:grey;""> 300G </span>",Friso Wheat Based Milk Cereal 300G,https://a4ucontent.blob.core.windows.net/images/0051172_0.png,10.0,117331,,10.0,
"Laurier<br/>
F Ultra Gentle Night Wing<br/>
Made in Japan <br/> 
<span style =""color:grey""> 34CM 9S</span>",Laurier F Ultra Gentle Nite Wg 34CM 9S,https://a4ucontent.blob.core.windows.net/images/0052693_0.png,5.35,124370,,5.35,
"Enchanteur<br/>
Hand and Body Lotion Charming<br/>
<span style =""color:grey""> 250ML</span>",Enchanteur H&Body Lotion Charming 250ML,https://a4ucontent.blob.core.windows.net/images/0052719_0.png,5.3,22151,,5.3,
"Gillette <br/>
Fusion Proglide <br/>
<span style =""color:grey"">4S</span>",Gillette Fusion Proglide 4S,https://a4ucontent.blob.core.windows.net/images/default-image_0.png,24.95,21462,,24.95,
"Bifesta <br/>
Water-Based Cotton Cleansing Sheets <br/>
<span style= ""color: gray"">46S</span>",Bifesta Cleansing Moist Sht 46S,https://a4ucontent.blob.core.windows.net/images/0051629_0.png,15.9,114689,,15.9,
"Asience<br/>
Treatment Milk<br/>
<span style =""color:grey""> 120ML</span>",Asience Treatment Milk 120ML,https://a4ucontent.blob.core.windows.net/images/0052675_0.png,16.9,124999,,16.9,
"Dettol <br/>
Lavender Foaming Handwash <br/>
<span style= ""color: gray""> 250ML </span>",Dettol H/Wash Foaming Lav 250ML,https://a4ucontent.blob.core.windows.net/images/0046126_0.png,3.85,20905,,3.85,
"Eagle's <br/>
Henna Black <br/>
<span style= ""color: gray"">10G</span>",EAGLE'S Henna Black 10G,https://a4ucontent.blob.core.windows.net/images/0015108_0.png,4.9,17984,,4.9,
"Bud Fresh<br/>
Florida Water<br/>
<span style =""color:grey""> 195ML</span>",Bud Fresh Florida Water 195ML,https://a4ucontent.blob.core.windows.net/images/0052684_0.png,1.95,20251,,1.95,
"<b><font size=""4"">Adidas</font></b>
<br><b>Shower Gel (Team Force)</b>
<br>
<br><b><span style=""color: grey;""><i>Net Wt: 250ML</i></span>",Adidas Shw Gel Team Force 250ML,https://a4ucontent.blob.core.windows.net/images/default-image_0.png,3.9,119496,,3.9,
"Tancho<br/>
Pure Vegetable Nourishing Pomade<br/>
<span style =""color:grey""> 130</span>",Tc P/Veg Nourishing Pomade 130G,https://a4ucontent.blob.core.windows.net/images/0052729_0.png,4.25,24594,,4.25,
"Listerine<br/>
Anti-Bacterial Mouth Wash (Total Care)<br/>
<span style=""color: grey;"">1L + 250ML</span>",Listerine AB M/Wash Total Care 1L+250ML,https://a4ucontent.blob.core.windows.net/images/0051543_0.png,12.9,126397,,12.9,
"Colgate<br/>
Sugar Acid Neutraliser Cool Mint<br/>
<span style =""color:grey""> 2X225G</span>",Colgate S/A Neutraliser Cool Mint 2X225G,https://a4ucontent.blob.core.windows.net/images/default-image_0.png,8.3,124150,,8.3,
"Loreal <br/>
Keratin Smooth Conditioner Pump <br/>
<span style= ""color: gray"">450ML</span>",Loreal Keratin Smooth Cond Pump 450ML,https://a4ucontent.blob.core.windows.net/images/0045744_0.png,12.9,123325,,12.9,
"Aquafresh  <br/>
Milk Teeth Toothbrush <br/>
(0-2 years old) <br/>
<span style= ""color: gray""> 1S </span>",Aquafresh Milk TEETH(0-2 Yrs)T/Brush 1S,https://a4ucontent.blob.core.windows.net/images/0045752_0.png,4.9,123909,,4.9,2 for $7.35
"Rejoice <br/>
Rich Shampoo <br/>
<span style=""color:gray""> 600ml </span>",E-Rejoice Rich Shampoo 600ML,https://a4ucontent.blob.core.windows.net/images/0047240_0.png,5.95,124895,,5.95,
"Plastic Container 4021 (50S)<br/>
10.5cm(Width) x 17cm(Height)",Plastic Container 4021 (50S),https://a4ucontent.blob.core.windows.net/images/0047573_0.png,0.8,99959,,0.8,
Shieldtox A/Insect Control Sys Ref 250ML,Shieldtox A/Insect Control Sys Ref 250ML,https://a4ucontent.blob.core.windows.net/images/0014346_0.png,7.9,111227,,7.9,
"SSS  <br/>
Baby Bottle's Cleaning Brush <br/>
<span style= ""color: gray""> 1PC </span>",SSS Nursing B/Brush SA7727 BB-1,https://a4ucontent.blob.core.windows.net/images/0043514_0.png,2.6,111814,,2.6,
Kiwi Liq Shoe Polish Black 75ML,Kiwi Liq Shoe Polish Black 75ML,https://a4ucontent.blob.core.windows.net/images/0014619_0.png,3.7,104319,,3.7,
Arc Scouring Pad 5S,Arc Scouring Pad 5S 30G,https://a4ucontent.blob.core.windows.net/images/0044244_0.png,1.0,93944,,1.0,
"Mr Muscle <br/>
Kiwi Kleen Easy Ironing Floral Refill <br/>
500ml",Mr Muscle K/K Easy Iron Flo.Ref 500ML,https://a4ucontent.blob.core.windows.net/images/0014562_0.png,2.5,61098,,2.5,
"<b><font size=""4"">Ambipur</font></b>
<br><b>Vent Clips (Sky Breeze)</b>
<br>
<br><b><span style=""color: grey;""><i>Net Wt: 2ML</i></span></b>",Ambipur Vent Clips Sky Breeze 2ML,https://a4ucontent.blob.core.windows.net/images/0008751_0.png,5.9,112455,,5.9,
"Clorox<br/>
Disinfecting Bathroom Cleaner<br/>
<span style =""color:grey;"">887ml</span>",Clorox Disinfecting Bathroom Clnr 887ML,https://a4ucontent.blob.core.windows.net/images/0049585_0.png,6.95,61611,,6.95,
"Joy<br/>
Dishwash Liquid Lime
<span style =""color:grey;"">800ml</span>",Joy Dishwash Liq Lime 800ML,https://a4ucontent.blob.core.windows.net/images/0049590_0.png,8.5,114420,,8.5,
"Ajax<br/>
Floor Cleaner Aroma (Lavender and Magnolia)<br/>
<span style =""color:grey""> 2.5L </span>",Ajax F/Cleaner Aroma Lav&Magnolia 2.5L,https://a4ucontent.blob.core.windows.net/images/0052299_0.png,7.0,124785,,7.0,
"Clorox<br/>
Colours Bleach Fresh Meadow<br/>
<span style =""color:grey;"">1L</span>",Clorox Colours Bleach Fresh Meadow 1L,https://a4ucontent.blob.core.windows.net/images/0049544_0.png,2.95,59715,,2.95,
"Febreze<br/>
Fabric Refresher<br/>
Antibacterial<br/>
(Cleans away odors and 99.9% of germs)<br/>
<span style=""color:grey;"">800 ml</span>",Febreze F/Spray Anti Bacterial 800ML,https://a4ucontent.blob.core.windows.net/images/0052290_0.png,7.9,61850,,7.9,2 for $10.70
"Breeze<br/>
Liquid Goodbye Musty<br/>
Refill Pack<br/>
<span style=""color:grey;"">1.8 kg</span>",Breeze Liq Goodbye Musty Ref 1.8KG,https://a4ucontent.blob.core.windows.net/images/0052303_0.png,4.85,61748,,4.85,2 for $8.70
"Softess <br/>
Classic Bathroom Tissue<br/>
<span style= ""color: gray""> 10X180G</span>",Softess Classic BR Tissue 10X180G,https://a4ucontent.blob.core.windows.net/images/0005127_0.png,4.2,881,,4.2,
"Fab<br/>
Detergent Powder<br/>
With Freshness Downy<br/>
<span style=""color:grey;"">2.3 kg</span>",Fab Powder With Freshness Downy 2.3KG,https://a4ucontent.blob.core.windows.net/images/0052028_0.png,5.5,115166,,5.5,
"Softess Anti Bacterial Wet Wipes <br/(Fragrance Free) <br/>
4 Packs x 10 Sheets",Softess AB Wet Wipes Fragrance FREE4X10S,https://a4ucontent.blob.core.windows.net/images/0052512_0.png,2.1,125414,,2.1,
"Glad Cling Wrap (100 Feet)<br/>
(1.5X Tighter Seal* for Long Lasting Freshness) 
<span style =""color:grey"">  30.5M X 30CM </span>",Glad Clingwrap 100SF 30X30.5M,https://a4ucontent.blob.core.windows.net/images/0052309_0.png,2.7,94961,,2.7,
"Softess<br/>
Pure Pulp Box Tissue<br/>
2 Ply<br/>
<span style=""color: grey;"">5 x 180s</span>",Softess P/P B.Tissue 2PLY 5X180S,https://a4ucontent.blob.core.windows.net/images/0051302_0.png,3.9,124451,,3.9,
"Premier Deluxe Kitchen Towel<br/>
<span style=""color: grey;"">2PLYX6RX60S
</span>",Premier Del Kitchen Towel 2PLYX6RX60S,https://a4ucontent.blob.core.windows.net/images/0051341_0.png,4.8,126006,,4.8,
"3M<br/>
Vflex N95 Mask<br/>
<span style=""color: grey;"">4S</span>",3M Vflex N95 Mask 4S,https://a4ucontent.blob.core.windows.net/images/0051049_0.png,6.0,119452,,6.0,
"Panadol<br/>
Cold Relief<br/>
<span style=""color: grey;"">12S</span>",Panadol Cold Relief 12S,https://a4ucontent.blob.core.windows.net/images/0051228_0.png,7.95,125382,,7.95,
"BRAND'S<br/>
Essence Of Chicken<br/>
Family Pack<br/>
<span style=""color: grey;"">24 x 68 ml</span>",BRAND'S Eoc Family Pack 3+1X6BX68ML,https://a4ucontent.blob.core.windows.net/images/0051492_0.png,49.95,125390,,49.95,
"<b><font size=""4"">Anlene</font></b>
<br><b>Hi-Calcium (FOS Inulin) Adult Milk </b>
<br>
<br><b><span style=""color: grey;""><i>Net Wt:1KG (Refill Pack) </i></span></b>

<br><br><ul>
  <li>For Age 19-50yrs Old</li>
  <li>Helps In Calcium absorption</li>
</ul>",Anlene Hi-Cal(F/Inulin)Ref 1KG,https://a4ucontent.blob.core.windows.net/images/0043844_0.png,22.15,123154,,22.15,
"Morries Cordless Jug 1.7L (MS800N)
Description:<br/>
- ON/OFF Switch And Power Indicator <br/>
- Water Level Indicator<br/>
- Washable Limescale Filter<br/>
- Over-heating Protection<br/>
- Thermostat control / STRIX from UK<br/>
- Power: 220V-240V 1850W-2200W 50/60Hz<br/>
- Easy to use<br/>",Morries 1.7L Cordless Jug MS800N,https://a4ucontent.blob.core.windows.net/images/0051739_0.png,18.9,45290,,18.9,
"<b><font size=""4"">Aerogaz</font></b>
<br><b>Electric Slow Cooker (0.7L) AZ-73SC</b>
<br>

<br><br><ul>
  <li>0.7 L capacity</li>
  <li>Unique appearance / exquisite design</li>
  <li>Be able to finish the food slow-cooking or the medicament stewing</li>
  <li>Indicator for working</li>
  <li>Power Supply: 220V - 240V/50Hz, 70W </li>
</ul>",Aerogaz Electri S/Cooker 0.7L AZ-73SC,https://a4ucontent.blob.core.windows.net/images/0044760_0.png,14.9,46306,,14.9,
"Fancy Feast Inspirations<br/>
(With Chicken,Pasta Pearls & Spinach)<br/>
<span style=""color: grey;"">70G</span>",Ff Insp Chicken Pasta Pearls 70G,https://a4ucontent.blob.core.windows.net/images/0051901_0.png,1.35,125526,,1.35,4 for $4.95
Arcenciel Carwash Sponge 2194,Arcenciel Carwash Sponge 2194,https://a4ucontent.blob.core.windows.net/images/0047664_0.png,2.0,93993,,2.0,
"Berita Harian<br/>
<br/>
<i><small>Note: Day of delivery edition</small></i>",Berita Harian Newspaper(Mon-Thur),https://a4ucontent.blob.core.windows.net/images/0047563_0.png,0.6,32156,,0.6,
"Aluminium Square Cake Pan 4353/H05 <br/>
<span style =""color:grey""> 3S </span>",Alu. Square Cake Pan 3S 4353/H05,https://a4ucontent.blob.core.windows.net/images/0052411_0.png,2.3,109167,,2.3,
"Energizer <br/>
Lithium CR2025BP2 <br/>
<span style =""color:grey""> 3V </span>",Energizer Lithium CR2025BP2 3V,https://a4ucontent.blob.core.windows.net/images/0052945_0.png,4.6,125652,,4.6,
"<span style=""font-family: SimSun, SimHei, Serif;""> 明利香水晶油</span>",Fo Deng Y/Chai Huang Bai Hong D2,https://a4ucontent.blob.core.windows.net/images/0049341_0.png,7.7,112785,,7.7,
"Clairol <br/>
Break's Over Hair Conditioner <br/>
<span style=""color:gray""> 300ml",E-Clairol BREAK'S Over H/Cond 300ML,https://a4ucontent.blob.core.windows.net/images/0047539_0.png,4.7,124917,,4.7,
"Produce of China <br/> 
Honey Pomelo <br/> 
中国蜜柚",CHN Honey Pomelo 1s,https://a4ucontent.blob.core.windows.net/images/0040424_0.png,1.99,11944,,1.99,
"Produce of China <br/> 
Honey Pomelo <br/> 
中国蜜柚",CHN Honey Pomelo 1s,https://a4ucontent.blob.core.windows.net/images/0040424_0.png,1.99,11944,,1.99,
"Produce of Korea <br/>
Strawberry <br/>
韩国草莓 <br/>
<small><span style= ""color: gray""> 250G </span></small>",KOR Strawberry 250G,https://a4ucontent.blob.core.windows.net/images/0004496_0.png,3.99,12565,,3.99,
"Produce of Australia <br/> 
White Peach 2S",AUS White Peach 2S,https://a4ucontent.blob.core.windows.net/images/0052586_0.png,3.69,12543,,3.69,
"Produce of Iatly <br/> 
Zespri Green Kiwi 3S <br/> 
意大利青奇异果",ITA Zespri Green Kiwi 3S,https://a4ucontent.blob.core.windows.net/images/0052443_0.png,3.69,128284,,3.69,
"Produce of Malaysia <br/>
Honeydew melon <br/>
马来西亚蜜瓜 <br/>
<small><span style= ""color: gray""> 2KG </span></small><br/><br/>

<small><b
style=""color:green"">HONEYDEW MELONS</b> have light green juicy flesh and serve as a refreshing treat, offering a low-calorie and healthy choice.
<small>",MYS Honey Dew 1s 2KG,https://a4ucontent.blob.core.windows.net/images/0004506_0.png,2.69,12644,,2.69,
,MYS Honey Pineapple 1s 600G,https://a4ucontent.blob.core.windows.net/images/0015160_0.png,0.8,12688,,0.8,
"Produce of Philippines <br/>
Dole Bananas 1.0-1.2KG <br/><br/>

<small><b
style=""color:FFF380"">BANANAS </b> are provide an excellent source of vitamin B6 & C and a good source of potassium and fibre ; promoting heart health<small>",PHI Dole Banana (Bunch) (0.9-1.1KG),https://a4ucontent.blob.core.windows.net/images/0047817_0.png,2.65,118056,,2.65,
Produce of Egypt,EGYPT Navel Orange,https://a4ucontent.blob.core.windows.net/images/0011753_0.png,0.45,12348,,0.45,5 for $1.99
"Produce of China <br/>
Fuji Apple <br/>
中国富士苹果<br/>

<small><b
style=""color:red"">FUJI APPLES </b> are often lined with red vertical stripes on the skin. The flesh is dense, juicy, crisp and display mild sweet flavour.<small>",CHN Fuji Apple,https://a4ucontent.blob.core.windows.net/images/0022304_0.png,0.75,119624,,0.75,5 for $3.29
"Produce of China <br/> 
Baby Chye Sim / Cai Xin  <br/> 
中国菜心苗<br/> 
<small><span style= ""color: gray""> 200G </span></small>",CHN Baby Cai Xin 200G,https://a4ucontent.blob.core.windows.net/images/0009193_0.png,1.3,33018,,1.3,
"Produce of Malaysia (Cameron Highland) <br/> 
Giant Chives <br/> 
金马伦青龙菜 <br/> 
<small><span style= ""color: gray""> 160G </span></small>",MYS CAM Giant Chives 150G,https://a4ucontent.blob.core.windows.net/images/0052386_0.png,2.85,32698,,2.85,
"Suriayani <br/>
Lontong",Suriayani Lontong 900G,https://a4ucontent.blob.core.windows.net/images/0049055_0.png,2.0,32830,,2.0,
"Produce of Malaysia <br/>
Oyster Mushroom <br/>
马来西亚鲍鱼菇 
<small><span style= ""color: gray""> 150G </span></small>",MYS VSS Oyster Mushroom 150G,https://a4ucontent.blob.core.windows.net/images/0004790_0.png,1.2,33741,,1.2,
"Produce of Malaysia <br/>
Pandan Leaf <br/>
马来西亚班兰叶 <br/>
<small><span style= ""color: gray""> 150G </span></small>",MYS Pandan Leaf 150G,https://a4ucontent.blob.core.windows.net/images/0013627_0.png,0.5,118096,,0.5,
"Produce of USA <br/> 
Russet Potato <br/>
美国马铃薯 <br/><br/>

<small><span style= ""color: black""> RUSSET POTATO has a fine, sandpaper-textured. It offers a starchy flesh that becomes fluffy and light when cooked that makes it an ideal for frying and baking. Store in Cool Dark Storage. </span></small>",USA Russet Potato,https://a4ucontent.blob.core.windows.net/images/0004736_0.png,0.45,33269,,0.45,3 for $1.00
"Produce of China <br/>
Old Garlic  <br/>
中国老蒜 <br/>
<small><span style= ""color: gray""> 250G </span></small>",CHN Old Garlic 250G,https://a4ucontent.blob.core.windows.net/images/0008660_0.png,1.85,33427,,1.85,
"Produce of China/Malaysia/Vietnam <br/>
Green Capsicum <br/>
中国/金马伦/越南 青灯笼椒 <br/>
<small><span style= ""color: gray""> 1 piece at 200-250G </span></small>",CHN/MYS/VNM Green Capsicum 1s (200-250G),https://a4ucontent.blob.core.windows.net/images/0011126_0.png,1.1,116775,,1.1,
"Produce of India <br/>
Lady Finger (Okra) <br/>
印度羊角豆<br/>
<small><span style= ""color: gray""> 230G </span></small>",IND Lady Fingers (Okra) 230G,https://a4ucontent.blob.core.windows.net/images/0021506_0.png,1.95,116140,,1.95,
"Produce of Mexico </br>
Asparagus (bundle)<br/>
墨西哥芦笋 <br/>
<small><span style= ""color: gray""> approximately 450G </span></small>",MEX Asparagus (1 bundle),https://a4ucontent.blob.core.windows.net/images/0022323_0.png,6.0,120141,,6.0,2 for $11.80
"Produce of Australia <br/>
Slice Pumpkin <br/>
澳洲金瓜 （切块）<br/>",AUS Pumpkin (Slice) (400-450G),https://a4ucontent.blob.core.windows.net/images/0011152_0.png,2.05,116801,,2.05,
"Produce of Malaysia <br/>
Butterhead Lettuce <br/>
金马伦奶油生菜 <br/>
<small><span style= ""color: gray""> 230G </span></small><br/><br/>
<small> Butterhead lettuce has a  delicate flavour. This vegetable needs to get treated carefully as it gets bruised easily. Good for salads. Store in bag and keep refrigerated. <small>",MYS Butterhead Lettuce 230G,https://a4ucontent.blob.core.windows.net/images/0005882_0.png,2.6,33489,,2.6,
"Produce of Indonesia <br/>
Petai Beans <br/>
印尼臭豆  <br/>
<small><span style= ""color: gray""> 200G </span></small>",IDN Petai 200G,https://a4ucontent.blob.core.windows.net/images/0017572_0.png,4.2,33529,,4.2,
"Produce of Malaysia <br/>
Sweet Corn <br/>
马来西亚玉米",MYS Y/K Sweet Corn 2s,https://a4ucontent.blob.core.windows.net/images/0011209_0.png,1.3,32790,,1.3,
"Produce of Malaysia/Vietnam <br/>
Tomato <br/>
金马伦/越南蕃茄 <br/>
<span style= ""color: gray; font-style:italic""> Excellent source Vitamin C </span>",MYS/VNM Tomato (5-7s) (500-600G),https://a4ucontent.blob.core.windows.net/images/0007675_0.png,1.2,115564,,1.2,
"Produce of China <br/>
中国西兰花 <br/>
<span style= ""color: gray; font-style:italic""> Excellent source of Vitamins A and C </span>",CHN Broccoli 1s (250-300G),https://a4ucontent.blob.core.windows.net/images/0048057_0.png,2.5,115563,,2.5,
